title,size,seeds,leechs,uploader
Titanic 1997 720p HDTV x264 YIFY,1.1 GB,274,15,CharlieJade
Titanic.666.2022.720p.WEBRip.800MB.x264-GalaxyRG,796.2 MB,248,30,TGxGoodies
Titanic (1997) [1080p] [YTS] [YIFY],3.0 GB,215,46,YTSAGx
Titanic (1997) [720p] [YTS] [YIFY],1.4 GB,186,34,YTSAGx
Titanic (1996) [720p] [BluRay] [YTS] [YIFY],800.2 MB,158,96,YTSAGx
Titanic (1997) 3D BrRip x264 - YIFY,2.8 GB,115,9,YIFY
Titanic (1943) [BluRay] [1080p] [YTS] [YIFY],1.4 GB,94,35,YTSAGx
Titanic (1943) [BluRay] [720p] [YTS] [YIFY],718.2 MB,82,26,YTSAGx
Titanic.666.2022.HDRip.XviD.AC3-EVO[TGx],1.3 GB,67,2,TGxGoodies
Titanic (1997) 1080p BluRay x264 Dual Audio [English + Hindi] - TBI,2.3 GB,62,8,TeamBringIt
"The Titanic Secret by Clive Cussler, Jack Du Brul EPUB",1.5 MB,54,1,zakareya
Titanic on Trial: The Night the Titanic Sank by Nic Compton EPUB,2.0 MB,51,2,zakareya
Adeptus Titanicus: Dominus (MULTi4) [FitGirl Repack],2.9 GB,46,6,FitGirl
Back to the Titanic 2020 WEB x264-CAFFEiNE,358.5 MB,46,5,bone111
Titanic.1997.MULTi.UHD.2160p.Bluray.x265.HDR.DTS-HDMA.5.1-DTOne,18.6 GB,45,48,SaM
Titanic (1997) 1080p HDTV x264 - 2.1GB - YIFY,2.1 GB,42,1,YIFY
Celine Dion - My Heart Will Go On (Titanic Soundtrack) [1997]- Sebastian[Ub3r],6.4 MB,39,1,Sc4r3cr0w
Titanic (1997) Open Matte (1080p BluRay x265 HEVC 10bit AAC 5.1 Silence) [QxR],6.8 GB,37,23,QxR
Titanic (1997) Open Matte (2160p BluRay x265 HEVC 10bit AAC 5.1 Joy) [UTR],8.8 GB,36,9,UTRCorp
Titanic.1997.UHD.2160p.Blu-ray.x265.HDR.DTS-HDMA.5.1.[En+Hi]-DTOne,21.3 GB,36,28,SaM
