title,size,seeds,leechs
Halloween Ends 2022 1080p WEBRip 1400MB DD5 1 x264-GalaxyRG,1.4 GB,1810,649
Medieval 2022 720p WEBRip 800MB x264-GalaxyRG,796.7 MB,617,270
Halloween Ends 2022 720p WEBRip 800MB x264-GalaxyRG,797.1 MB,0,0
Accident Man Hitmans Holiday 2022 720p WEBRip 800MB x264-GalaxyRG,796.4 MB,1290,441
Guardians of Time 2022 720p WEBRip 800MB x264-GalaxyRG,797.1 MB,1127,347
Blade of the 47 Ronin 2022 1080p BluRay 1400MB DD5 1 x264-GalaxyRG,1.4 GB,597,258
Clerks III 2022 720p WEBRip 800MB x264-GalaxyRG,796.8 MB,875,253
Medieval 2022 1080p WEBRip 1400MB DD5 1 x264-GalaxyRG,1.4 GB,348,150
Prison Heat 1993 +18 DVDRip x264-worldmkv,589.4 MB,216,55
Blade of the 47 Ronin 2022 720p BluRay 800MB x264-GalaxyRG,797.3 MB,539,237
Spider-Man No Way Home 2022 EXTENDED 1080p WEBRip 1600MB DD5 1 x264-GalaxyRG,1.6 GB,417,134
The Greatest Lie Ever Sold-George Floyd and the Rise of BLM 2022 720p WEBRip 800MB x264-GalaxyRG,796.2 MB,560,134
Project Legion 2022 720p WEBRip 800MB x264-GalaxyRG,796.4 MB,637,202
Old Man 2022 720p WEBRip 800MB x264-GalaxyRG,796.9 MB,661,236
Halloween Ends 2022 1080p WEB H264-NAISU,5.6 GB,2651,1063
The Walking Dead S11E20 720p WEB x265-MiNX TGx,238.3 MB,519,187
SEAL Team S06E05 WEB x264-PHOENiX,300.3 MB,522,174
Interview With The Vampire S01E04 WEB x264-PHOENiX,212.3 MB,456,69
Colosseum S01 COMPLETE 720p WEBRip x264-GalaxyTV,3.2 GB,405,240
The Walking Dead S11E20 WEB x264-PHOENiX,347.2 MB,414,76
The Walking Dead S11E20 1080p WEB H264-CAKES,4.7 GB,1691,443
SEAL Team S06E05 720p WEB x265-MiNX TGx,225.7 MB,190,117
Interview With The Vampire S01E04 720p WEB x265-MiNX TGx,137.5 MB,164,40
Tu Zakhm Hai (2022) Hindi 720p WEBRip x264 AAC ESub,3.9 GB,34,21
The Serpent Queen S01E06 720p WEB x265-MiNX TGx,224 MB,161,77
Saturday Night Live S48E03 Megan Thee Stallion HDTV x264-CRiMSON TGx,608 MB,162,35
Interview With The Vampire S01E04 1080p WEB h264-KOGi TGx,2.5 GB,121,33
MotoGP 2022 Round 18 AustralianGP Phillip Island Australia Race 1080p50 SS,3.9 GB,111,30
The Walking Dead S11E20 1080p HEVC x265-MeGusta TGx,532 MB,94,62
SEAL Team S06E05 1080p WEB H264-GLHF TGx,2.4 GB,98,31
Lil Baby - It's Only Me (2022) Mp3 320kbps PMEDIA ⭐️,156.6 MB,189,38
NOW #1s - 70 Years Of The Official Singles Chart (5CD) (2022) Mp3 320kbps PMEDIA ⭐️,865.9 MB,219,37
Ellie Goulding - Halcyon Nights (2022) Mp3 320kbps PMEDIA ⭐️,277.5 MB,72,21
Alter Bridge - Pawns & Kings (2022) Mp3 320kbps PMEDIA ⭐️,133.4 MB,35,14
Queen - Face It Alone (2022) 24Bit-48kHz FLAC PMEDIA ⭐️,47.3 MB,51,9
The 1975 - Being Funny In A Foreign Language (2022) Mp3 320kbps PMEDIA ⭐️,100.3 MB,81,16
Skid Row - The Gang's All Here (2022) Mp3 320kbps PMEDIA ⭐️,108.5 MB,60,9
Sting - Nothing Like The Sun (Expanded Edition) (2022) Mp3 320kbps PMEDIA ⭐️,296.9 MB,72,18
Tove Lo - Dirt Femme (2022) Mp3 320kbps PMEDIA ⭐️,125.9 MB,32,8
Billboard Hot 100 Singles Chart (15-October-2022) Mp3 320kbps PMEDIA ⭐️,762 MB,78,42
Queen - Face It Alone (2022) Mp3 320kbps PMEDIA ⭐️,9.7 MB,81,3
Sweet - Greatest Hitz! The Best of Sweet 1969-1978 (3CD) (2022) Mp3 320kbps PMEDIA ⭐️,456.4 MB,85,19
Michael Bublé - Higher (Deluxe Edition) (2022) Mp3 320kbps PMEDIA ⭐️,134.1 MB,76,13
Moby - Rescue Me (2022) Mp3 320kbps PMEDIA ⭐️,76.1 MB,101,5
Various Artists - 80's Music Grandi Successi (2022) Mp3 320kbps PMEDIA ⭐️,665.8 MB,61,15
"Scorn: Deluxe Edition (+ Bonus Content + Windows 7 Fix, MULTi29) FitGirl Repack, Selective Download - from 12 3 GB",12.8 GB,588,1269
PC Building Simulator 2,7.9 GB,189,103
"PC Building Simulator 2 (v1 00 12, MULTi10) FitGirl Repack",5 GB,802,221
"Asterigos: Curse of the Stars (Build 9696041/v01 03 0000 Release + DLC + Bonus Content + Windows 7 Fix, MULTi11) FitGirl Repack, Selective Download - from 4 9 GB",5.4 GB,140,297
"LEGO Bricktales (v1 1, MULTi11) FitGirl Repack",182 MB,231,30
"Divinity: Original Sin 2 - Definitive Edition (v3 6 117 3735 + CE v3 0 226 993 + DLC + Bonus Content, MULTi14) FitGirl Repack, Selective Download - from 26 3 GB",30.4 GB,134,571
SEX Apocalypse 3D,841.4 MB,85,15
Scorn-Razor1911,28.2 GB,227,349
"SnowRunner: Premium Edition (v19 0 + 25 DLCs, MULTi13) FitGirl Repack",18.8 GB,205,298
Maneater: Apex Edition (Build 7837297 + Windows 7 Fix + Truth Quest DLC + MULTi14) - EMPRESS / DODI Repack,10.2 GB,138,83
"The Sims 4: Deluxe Edition (v1 92 145 1030 + ONLINE + All DLCs selectable! , MULTi18) anadius",36.9 GB,35,82
No More Heroes 3 (MULTi11) FitGirl Repack,13.8 GB,276,242
"Myst (v1 8 3, MULTi11) FitGirl Repack",5.5 GB,129,88
"Lost Eidolons: Digital Deluxe Edition (vGM1 00 06 R293 + DLC + Bonus Content, MULTi8) FitGirl Repack, Selective Download - from 7 5 GB",7.8 GB,313,295
"The Darkest Tales (v1 0 Build 2209211608, MULTi10) FitGirl Repack, Selective Download - from 2 2 GB",2.4 GB,86,89
KMSAuto++ v1 7 5 (Activate Windows and MS Office) {CracksHash},20.1 MB,34,6
Microsoft Office 2021 LTSC v2108 Build 14332 20400 (x64) Pre-Cracked {CracksHash},1.8 GB,26,28
Adobe Acrobat Pro DC 2022 v22 003 20258 (x64) + Fix {CracksHash},1.2 GB,20,21
Spotify Music and Podcasts v8 7 70 553 Premium Mod Apk {CracksHash},54.1 MB,10,1
Internet Download Manager (IDM) v6 41 Build 3 Portable Cracked {CracksHash},14 MB,17,2
Windows 11 X64 22H2 Pro incl Office 2021 en-US OCT 2022 {Gen2},5.2 GB,17,50
JioTV v7 0 8-TV Premium Mod Apk {CracksHash},30.1 MB,6,1
Truecaller Caller ID & Block v12 49 6 (Beta) Premium Mod Apk {CracksHash},84.1 MB,38,0
Windows 10 X64 22H2 Pro incl Office 2021 en-US OCT 2022 {Gen2},5.5 GB,2,29
Adobe Photoshop 2022 v23 5 2 751 (x64) + Fix {CracksHash},2.6 GB,26,31
Windows 11 22H2 Pro 3in1 OEM MULTi-25 OCT 2022 {Gen2},11.4 GB,40,62
Microsoft Office LTSC 2021 ProPlus AIO MULTi-27 OCT 2022 {Gen2},11.7 GB,2,16
AdGuard VPN — private proxy v2 1 54 Premium Mod Apk {CracksHash},23.3 MB,15,5
Windows 11 22H2 10in1 OEM ESD en-US OCT 2022 {Gen2},4.4 GB,16,16
Windows 10 X64 22H2 10in1 OEM ESD en-US OCT 2022 {Gen2},4.6 GB,38,25
Bleach Thousand Year Blood War - 01 1080p HEVC 10bit x265 AAC Multi Sub Bleach Sennen Kessen hen - AnimeTime,699 MB,803,171
Chainsaw Man - 01 1080p HEVC 10bit x265 AAC Multi Sub - AnimeTime,258.8 MB,266,57
Chainsaw Man S01E01 1080p HEVC WEBRip - EMBER,229.7 MB,499,120
Bleach Thousand-Year Blood War S01E01 JAPANESE 1080p 10bit WEBRip 2CH x265 HEVC-PSA,295.7 MB,37,7
Strike The Blood Complete Series Uncensored (Season 01-05 + OVAs) BD 1080p HEVC 10bit x265 - AnimeTime,15.1 GB,82,55
Bleach Thousand-Year Blood War S01E01 JAPANESE 720p 10bit WEBRip 2CH x265 HEVC-PSA,121.8 MB,31,8
"BASTARD‼ Heavy Metal, Dark Fantasy (2022) (Season 1 Part 01 + Part 02) 1080p Dual Audio HEVC 10 bits WEBRip AAC (Bastard!! Ankoku no Hakaishin) - EMBER",8.6 GB,71,28
The Seven Deadly Sins Complete Series (Season 01 - 04+OVAs+OADs+Movies) BD Dual Audio 1080p HEVC 10bit x265 Nanatsu No Taizai - AnimeTime,42.6 GB,43,44
Mob Psycho 100 - S03E02 1080p HEVC x265 10bit Multi-Subs - Judas,394.8 MB,99,16
DB Youkoso Jitsuryoku Shijou Shugi no Kyoushitsu e 2nd Season | Classroom of the Elite 2nd Season Dual Audio 10bit 1080p HEVC-x265,3.5 GB,43,21
One Piece - 1036 (720p)(Multiple Subtitle)(653EE34C)-Erai-raws TGx,709.6 MB,45,4
That Time I Got Reincarnated as a Slime (2019-2021) (Season 1+2+OVA+Specials) & The Slime Diaries BDRip 1080p Dual Asudio HEVC 10 bits (Tensei shitara Slime Datta Ken + Tensura Nikki) - EMBER,37.1 GB,60,42
Monster (2004 - 2005) Complete Dual Audio DVD 480p HEVC 10bit x265 AAC - AnimeTime,15.5 GB,46,31
Tenrai-Sensei My Hero Academia - S06E03 - One's Justice Web 1080p HEVC 10bit x265 Boku no Hero Academia,361.2 MB,119,10
Boku no Hero Academia 6th Season - 03 (720p)(Multiple Subtitle)(30EFD47F)-Erai-raws TGx,708.4 MB,25,3
Marvel Week+ (10-12-2022) (- Nem -),778.2 MB,130,30
"Celebrity Skin - Stripped To Thrill! - Britney Spears, Natalie Portman, Lindsay Lohan & Many More",16.1 MB,167,18
DC Week+ (10-05-2022) (aka DC Week 575) (- Nem -),2.1 GB,112,44
Hustler USA - October 2022,56.7 MB,203,22
160 Excel Exercises With Solutions And Comments - Excel Workbook,6.2 MB,140,11
50 Assorted Magazines - October 10 2022,4.5 GB,88,141
PC Pro - December 2022,103.3 MB,130,21
Playboy Australia - October 2022,75.8 MB,107,23
Playboy Africa - October 2022,101.1 MB,81,9
Paradise Girls – September 2022,31.8 MB,64,13
Playboy Sweden - October 2022,75.8 MB,110,10
101 Most Popular Excel Formulas,12.9 MB,144,6
Playbabes Special Edition – 04 October 2022,29.7 MB,52,15
50 Assorted Magazines - October 15 2022,3.4 GB,152,175
50 Assorted Magazines - October 13 2022,5.3 GB,92,144
